{
  "cars": [
    {
      "id": 1,
      "name": "Ford",
      "price": 4300,
      "model": "Focus"
    },
    {
      "id": 2,
      "name": "Ford",
      "price": 5900,
      "model": "Fiesta"
    },
    {
      "id": 3,
      "name": "Toyota",
      "price": 12300,
      "model": "Corolla"
    },
    {
      "id": 4,
      "name": "Toyota",
      "price": 2300,
      "model": "Camry"
    },
    {
      "id": 5,
      "name": "Mazda",
      "price": 17800,
      "model": "CX-9"
    },
    {
      "id": 6,
      "name": "Mazda",
      "price": 3600,
      "model": "626"
    }
  ]
}