{
  "cars": [
    {
      "id": 1,
      "name": "Ford",
      "price": 4300,
      "model": "Focus"
    },
    {
      "id": 2,
      "name": "Ford",
      "price": 5900,
      "model": "Fiesta"
    },
    {
      "id": 3,
      "name": "Toyota",
      "price": 12300,
      "model": "Corolla"
    },
    {
      "name": "Bugatti",
      "price": "12345",
      "model": "Veyron",
      "id": 4
    },
    {
      "name": "Fiat",
      "price": "4500",
      "model": "Doblo",
      "id": 5
    }
  ]
}